Protocol,Seed,nNodes,nFlows,MaxPaths,InitEnergy_J,PktInterval_s,PDR,Throughput_kbps,Delay_ms,Jitter_ms,TxPkts,RxPkts,CtrlBytes,NRL,EnergyConsumed_J,EnergyPerPkt_J,LiveNodes
AODV,1,20,19,3,50.000000,0.250000,0.805233,13.540926,38.196360,17.798508,14792,11911,424094,6.593563,727.446053,0.061073,20
AODV,2,20,19,3,50.000000,0.250000,0.270754,4.553053,241.926433,106.314523,14792,4005,1551398,71.734314,735.784734,0.183717,20
AODV,3,20,19,3,50.000000,0.250000,0.737831,12.407495,35.326410,22.226778,14792,10914,1378914,23.396962,726.034626,0.066523,20
AODV,4,20,19,3,50.000000,0.250000,0.938210,15.777095,25.198436,11.928264,14792,13878,121052,1.615293,724.411900,0.052199,20
AODV,5,20,19,3,50.000000,0.250000,0.587953,10.436400,36.292613,8.925329,14792,8697,74502,1.586371,722.118829,0.083031,20
AODV,6,20,19,3,50.000000,0.250000,0.797120,13.404505,38.746537,16.078389,14792,11791,235340,3.696165,724.820842,0.061472,20
AODV,7,20,19,3,50.000000,0.250000,0.752975,12.662147,37.922519,23.223393,14792,11138,617396,10.265092,732.198311,0.065739,20
AODV,8,20,19,3,50.000000,0.250000,0.774202,13.019116,6.070390,4.245848,14792,11452,70710,1.143420,722.819765,0.063117,20
AODV,9,20,19,3,50.000000,0.250000,0.841333,14.148000,8.465021,5.413919,14792,12445,71280,1.060667,725.414732,0.058290,20
AODV,10,20,19,3,50.000000,0.250000,0.531977,8.945811,35.753342,26.286639,14792,7869,1554280,36.577663,740.925784,0.094158,20
AODV,11,20,19,3,50.000000,0.250000,0.427055,8.026306,14.215585,9.561053,14792,6317,64054,1.877767,723.964965,0.114606,20
AODV,12,20,19,3,50.000000,0.250000,0.556111,9.351663,7.647070,5.301439,14792,8226,94804,2.134245,725.973030,0.088253,20
AODV,13,20,19,3,50.000000,0.250000,0.384667,7.229647,8.066850,5.491623,14792,5690,66638,2.168782,723.216015,0.127103,20
AODV,14,20,19,3,50.000000,0.250000,0.880408,14.805095,9.975066,7.029582,14792,13023,79732,1.133778,724.699902,0.055648,20
AODV,15,20,19,3,50.000000,0.250000,0.719037,12.091453,26.439808,13.445434,14792,10636,195744,3.408132,725.663068,0.068227,20
AODV,16,20,19,3,50.000000,0.250000,0.482017,8.105684,16.886920,7.946278,14792,7130,492650,12.795439,723.758743,0.101509,20
AODV,17,20,19,3,50.000000,0.250000,0.923134,15.523579,14.278057,7.646622,14792,13655,144374,1.957959,728.097676,0.053321,20
AODV,18,20,19,3,50.000000,0.250000,0.882504,14.840337,34.743510,9.476366,14792,13054,171928,2.438986,726.602129,0.055661,20
AODV,19,20,19,3,50.000000,0.250000,0.588291,9.892800,28.055882,19.509705,14792,8702,779126,16.580394,728.227647,0.083685,20
AODV,20,20,19,3,50.000000,0.250000,0.432802,8.134306,5.988340,3.458752,14792,6402,104150,3.012658,723.326125,0.112984,20
AODV,21,20,19,3,50.000000,0.250000,0.701460,11.795874,7.672632,5.630779,14792,10376,149428,2.666909,724.564250,0.069831,20
AODV,22,20,19,3,50.000000,0.250000,0.678880,11.416168,95.091383,30.762861,14792,10042,727470,13.415322,727.975589,0.072493,20
AODV,23,20,19,3,50.000000,0.250000,0.633315,10.649937,12.983850,9.507166,14792,9368,479746,9.483545,730.915019,0.078023,20
AODV,24,20,19,3,50.000000,0.250000,0.843699,14.187789,27.212200,12.690546,14792,12480,113702,1.687174,724.551420,0.058057,20
AODV,25,20,19,3,50.000000,0.250000,0.887845,14.930147,34.468072,12.131227,14792,13133,177946,2.509173,724.469658,0.055164,20
AODV,26,20,19,3,50.000000,0.250000,0.749459,12.603032,8.826058,6.237308,14792,11086,145408,2.428956,725.628263,0.065454,20
AODV,27,20,19,3,50.000000,0.250000,0.951933,16.007874,7.264836,4.888530,14792,14081,122840,1.615521,726.750334,0.051612,20
AODV,28,20,19,3,50.000000,0.250000,0.702745,11.817474,53.595205,39.417501,14792,10395,908020,16.176224,729.794729,0.070206,20
AODV,29,20,19,3,50.000000,0.250000,0.906504,15.243916,47.633961,12.655368,14792,13409,101610,1.403286,724.852088,0.054057,20
AODV,30,20,19,3,50.000000,0.250000,0.672864,11.314989,9.084090,5.647507,14792,9953,105288,1.958985,724.251214,0.072767,20
PMAODV,1,20,19,3,50.000000,0.250000,0.790562,13.294232,32.488701,16.828759,14792,11694,231534,3.666553,728.831727,0.062325,20
PMAODV,2,20,19,3,50.000000,0.250000,0.158532,2.665895,57.050327,46.476053,14792,2345,546552,43.161336,731.934485,0.312126,20
PMAODV,3,20,19,3,50.000000,0.250000,0.744592,12.521179,33.293786,23.491213,14792,11014,894462,15.039142,725.009310,0.065826,20
PMAODV,4,20,19,3,50.000000,0.250000,0.953759,16.038568,13.750143,7.022130,14792,14108,101740,1.335465,724.168119,0.051330,20
PMAODV,5,20,19,3,50.000000,0.250000,0.647242,10.884126,42.278702,11.874557,14792,9574,42058,0.813507,721.632641,0.075374,20
PMAODV,6,20,19,3,50.000000,0.250000,0.877366,14.753937,28.799321,18.277009,14792,12978,242906,3.466065,724.843386,0.055852,20
PMAODV,7,20,19,3,50.000000,0.250000,0.661979,11.131958,31.330878,23.577841,14792,9792,532470,10.070012,732.159208,0.074771,20
PMAODV,8,20,19,3,50.000000,0.250000,0.668334,11.238821,17.167311,8.216156,14792,9886,70742,1.325144,722.693704,0.073103,20
PMAODV,9,20,19,3,50.000000,0.250000,0.932463,15.680463,8.456662,5.719629,14792,13793,64480,0.865710,725.260438,0.052582,20
PMAODV,10,20,19,3,50.000000,0.250000,0.529746,8.908295,133.907439,43.852150,14792,7836,1547920,36.581400,742.212330,0.094718,20
PMAODV,11,20,19,3,50.000000,0.250000,0.409343,7.693412,11.639310,8.653381,14792,6055,66314,2.028137,723.591840,0.119503,20
PMAODV,12,20,19,3,50.000000,0.250000,0.950379,15.981726,10.824775,7.381721,14792,14058,175668,2.314064,726.517885,0.051680,20
PMAODV,13,20,19,3,50.000000,0.250000,0.537250,10.097365,6.127278,3.079255,14792,7947,82172,1.914815,723.248602,0.091009,20
PMAODV,14,20,19,3,50.000000,0.250000,0.854178,14.364000,11.703052,6.870110,14792,12635,90038,1.319644,724.749392,0.057360,20
PMAODV,15,20,19,3,50.000000,0.250000,0.709573,11.932295,13.443288,10.133194,14792,10496,240542,4.243980,725.749970,0.069145,20
PMAODV,16,20,19,3,50.000000,0.250000,0.468023,8.307600,8.068135,4.714672,14792,6923,68954,1.844469,722.914189,0.104422,20
PMAODV,17,20,19,3,50.000000,0.250000,0.395146,7.014000,8.427982,5.328523,14792,5845,86066,2.726800,725.469193,0.124118,20
PMAODV,18,20,19,3,50.000000,0.250000,0.903326,15.190484,27.585364,14.081627,14792,13362,364624,5.053358,726.470102,0.054368,20
PMAODV,19,20,19,3,50.000000,0.250000,0.670565,11.902800,10.627522,8.504015,14792,9919,157400,2.938618,723.596753,0.072951,20
PMAODV,20,20,19,3,50.000000,0.250000,0.559424,9.407368,74.345436,27.631427,14792,8275,124148,2.778292,724.243716,0.087522,20
PMAODV,21,20,19,3,50.000000,0.250000,0.652380,10.970526,7.288095,5.005060,14792,9650,143476,2.753329,725.075806,0.075137,20
PMAODV,22,20,19,3,50.000000,0.250000,0.639805,10.759074,57.221304,28.600393,14792,9464,1010982,19.782216,729.750535,0.077108,20
PMAODV,23,20,19,3,50.000000,0.250000,0.790562,13.294232,16.233550,11.924892,14792,11694,930226,14.730979,736.710145,0.062999,20
PMAODV,24,20,19,3,50.000000,0.250000,0.870471,14.637979,32.183194,13.412257,14792,12876,129244,1.858813,724.705046,0.056283,20
PMAODV,25,20,19,3,50.000000,0.250000,0.779813,13.113474,11.603862,9.057540,14792,11535,181148,2.908186,724.482399,0.062807,20
PMAODV,26,20,19,3,50.000000,0.250000,0.917726,15.432632,12.990896,9.549025,14792,13575,180466,2.461851,726.085577,0.053487,20
PMAODV,27,20,19,3,50.000000,0.250000,0.876555,14.740295,7.528960,5.218302,14792,12966,109128,1.558606,727.223346,0.056087,20
PMAODV,28,20,19,3,50.000000,0.250000,0.752231,12.649642,49.808712,38.169399,14792,11127,1112790,18.520016,730.457935,0.065647,20
PMAODV,29,20,19,3,50.000000,0.250000,0.591130,9.940547,35.609200,4.713474,14792,8744,53528,1.133645,722.324385,0.082608,20
PMAODV,30,20,19,3,50.000000,0.250000,0.520890,8.759368,12.908065,8.361651,14792,7705,107138,2.574999,724.722256,0.094059,20
QMAODV,1,20,19,3,50.000000,0.250000,0.768456,12.922484,81.350291,43.631476,14792,11367,1022044,16.650603,738.471793,0.064966,20
QMAODV,2,20,19,3,50.000000,0.250000,0.254867,4.285895,333.742330,118.944557,14792,3770,1181642,58.043128,732.060686,0.194181,20
QMAODV,3,20,19,3,50.000000,0.250000,0.838967,14.108211,19.524193,13.221213,14792,12410,231682,3.457218,726.270670,0.058523,20
QMAODV,4,20,19,3,50.000000,0.250000,0.960925,16.159074,34.987261,11.243545,14792,14214,113894,1.483853,724.743342,0.050988,20
QMAODV,5,20,19,3,50.000000,0.250000,0.536303,9.519600,35.805366,6.500040,14792,7933,48906,1.141645,721.938012,0.091004,20
QMAODV,6,20,19,3,50.000000,0.250000,0.807937,13.586400,30.105260,19.693190,14792,11951,253578,3.929285,724.879982,0.060654,20
QMAODV,7,20,19,3,50.000000,0.250000,0.744930,12.526863,59.523138,40.586953,14792,11019,735354,12.358351,733.171883,0.066537,20
QMAODV,8,20,19,3,50.000000,0.250000,0.640076,10.763621,6.689649,5.069951,14792,9468,61508,1.203039,722.807263,0.076342,20
QMAODV,9,20,19,3,50.000000,0.250000,0.921174,15.490611,7.877724,5.153084,14792,13626,66754,0.907225,725.346460,0.053233,20
QMAODV,10,20,19,3,50.000000,0.250000,0.497904,8.372842,144.375760,55.847265,14792,7365,1040404,26.159865,738.139529,0.100223,20
QMAODV,11,20,19,3,50.000000,0.250000,0.433816,8.153365,7.081724,3.821446,14792,6417,77824,2.245886,723.807618,0.112795,20
QMAODV,12,20,19,3,50.000000,0.250000,0.883518,14.857389,10.964460,8.379886,14792,13069,130700,1.851994,726.901716,0.055620,20
QMAODV,13,20,19,3,50.000000,0.250000,0.500811,9.412518,6.438302,3.766853,14792,7408,64810,1.620120,723.179938,0.097621,20
QMAODV,14,20,19,3,50.000000,0.250000,0.828150,13.926316,7.046595,5.194764,14792,12250,64134,0.969524,724.619250,0.059153,20
QMAODV,15,20,19,3,50.000000,0.250000,0.514467,8.651368,8.104297,3.681159,14792,7610,42784,1.041125,723.676456,0.095095,20
QMAODV,16,20,19,3,50.000000,0.250000,0.442334,7.851600,5.901367,4.172332,14792,6543,65658,1.858305,723.171556,0.110526,20
QMAODV,17,20,19,3,50.000000,0.250000,0.691522,11.628758,30.276782,7.433982,14792,10229,83970,1.520188,725.850265,0.070960,20
QMAODV,18,20,19,3,50.000000,0.250000,0.791103,13.303326,9.717795,7.171444,14792,11702,126676,2.004659,726.566268,0.062089,20
QMAODV,19,20,19,3,50.000000,0.250000,0.535357,9.502800,11.115018,6.469851,14792,7919,58516,1.368392,724.084433,0.091436,20
QMAODV,20,20,19,3,50.000000,0.250000,0.699905,11.769726,45.035175,33.945817,14792,10353,633716,11.335344,723.615698,0.069894,20
QMAODV,21,20,19,3,50.000000,0.250000,0.759397,12.770147,24.616917,17.276329,14792,11233,839732,13.843668,725.415219,0.064579,20
QMAODV,22,20,19,3,50.000000,0.250000,0.592212,9.958737,68.052983,32.449437,14792,8760,729716,15.426095,729.273181,0.083250,20
QMAODV,23,20,19,3,50.000000,0.250000,0.698891,11.752674,27.319233,9.743076,14792,10338,236638,4.238910,727.536335,0.070375,20
QMAODV,24,20,19,3,50.000000,0.250000,0.858099,14.429937,25.736327,14.441522,14792,12693,235372,3.433972,724.812567,0.057103,20
QMAODV,25,20,19,3,50.000000,0.250000,0.755814,12.709895,15.481575,9.542483,14792,11180,133274,2.207547,724.818520,0.064832,20
QMAODV,26,20,19,3,50.000000,0.250000,0.888048,14.933558,13.300369,7.569224,14792,13136,190294,2.682676,726.388834,0.055298,20
QMAODV,27,20,19,3,50.000000,0.250000,0.741549,12.470021,52.624696,34.013267,14792,10969,799962,13.505435,736.051882,0.067103,20
QMAODV,28,20,19,3,50.000000,0.250000,0.432531,7.273516,77.037218,39.291370,14792,6398,269830,7.810022,727.771025,0.113750,20
QMAODV,29,20,19,3,50.000000,0.250000,0.572201,10.156800,43.839413,11.021903,14792,8464,61498,1.345524,722.853497,0.085403,20
QMAODV,30,20,19,3,50.000000,0.250000,0.682531,11.477558,15.303453,8.269737,14792,10096,121376,2.226331,724.084344,0.071720,20
QS2MAODV,1,20,19,3,50.000000,0.250000,0.907856,15.266653,35.232090,19.264997,14792,13429,370406,5.107879,727.953147,0.054208,20
QS2MAODV,2,20,19,3,50.000000,0.250000,0.224784,3.780000,197.115487,101.948214,14792,3325,1535984,85.546310,734.346822,0.220856,20
QS2MAODV,3,20,19,3,50.000000,0.250000,0.730124,12.277895,35.808290,24.911681,14792,10800,1282632,21.993004,725.399369,0.067167,20
QS2MAODV,4,20,19,3,50.000000,0.250000,0.927731,15.600884,23.248957,9.259726,14792,13723,90528,1.221631,724.197515,0.052773,20
QS2MAODV,5,20,19,3,50.000000,0.250000,0.621214,10.446442,43.864797,12.530272,14792,9189,90086,1.815496,722.085278,0.078581,20
QS2MAODV,6,20,19,3,50.000000,0.250000,0.786912,13.232842,36.120747,19.396325,14792,11640,210830,3.354175,724.813178,0.062269,20
QS2MAODV,7,20,19,3,50.000000,0.250000,0.730665,12.286989,56.119714,30.668391,14792,10808,702998,12.045227,732.738007,0.067796,20
QS2MAODV,8,20,19,3,50.000000,0.250000,0.696931,11.719705,9.856300,6.443451,14792,10309,67396,1.210665,722.791350,0.070113,20
QS2MAODV,9,20,19,3,50.000000,0.250000,0.918943,15.453095,8.860696,5.704537,14792,13593,67694,0.922234,725.247863,0.053355,20
QS2MAODV,10,20,19,3,50.000000,0.250000,0.566387,9.524463,22.269805,19.002221,14792,8378,1074976,23.760997,739.924093,0.088318,20
QS2MAODV,11,20,19,3,50.000000,0.250000,0.344173,6.872850,8.399696,5.048990,14792,5091,89132,3.242178,723.634089,0.142140,20
QS2MAODV,12,20,19,3,50.000000,0.250000,0.913196,15.356463,13.474925,9.909745,14792,13508,143432,1.966352,726.366371,0.053773,20
QS2MAODV,13,20,19,3,50.000000,0.250000,0.534478,10.045271,6.617113,4.020265,14792,7906,61052,1.430044,722.886804,0.091435,20
QS2MAODV,14,20,19,3,50.000000,0.250000,0.872296,14.668674,10.521851,7.619695,14792,12903,83320,1.195817,725.724962,0.056245,20
QS2MAODV,15,20,19,3,50.000000,0.250000,0.891225,14.986989,16.990757,10.020144,14792,13183,220682,3.099980,725.679110,0.055047,20
QS2MAODV,16,20,19,3,50.000000,0.250000,0.477555,8.476800,11.817350,5.402486,14792,7064,82952,2.174615,723.134094,0.102369,20
QS2MAODV,17,20,19,3,50.000000,0.250000,0.323688,6.083576,13.973291,11.486839,14792,4788,77170,2.984699,725.557723,0.151537,20
QS2MAODV,18,20,19,3,50.000000,0.250000,0.894064,15.034737,26.262303,11.625413,14792,13225,152938,2.141539,726.701710,0.054949,20
QS2MAODV,19,20,19,3,50.000000,0.250000,0.695105,12.338400,8.665953,6.060928,14792,10282,116530,2.098777,723.540981,0.070370,20
QS2MAODV,20,20,19,3,50.000000,0.250000,0.533734,8.975368,9.378245,6.731260,14792,7895,133934,3.141557,725.036134,0.091835,20
QS2MAODV,21,20,19,3,50.000000,0.250000,0.793807,13.348800,20.922909,14.498697,14792,11742,700768,11.051938,724.656742,0.061715,20
QS2MAODV,22,20,19,3,50.000000,0.250000,0.639941,10.761347,78.533039,32.197287,14792,9466,875562,17.128788,731.656410,0.077293,20
QS2MAODV,23,20,19,3,50.000000,0.250000,0.862088,14.497011,10.502460,8.506128,14792,12752,253242,3.677593,726.804290,0.056995,20
QS2MAODV,24,20,19,3,50.000000,0.250000,0.867631,14.590232,14.642995,8.705018,14792,12834,118176,1.705193,724.527869,0.056454,20
QS2MAODV,25,20,19,3,50.000000,0.250000,0.919551,15.463326,18.627992,11.445425,14792,13602,175646,2.391342,724.615706,0.053273,20
QS2MAODV,26,20,19,3,50.000000,0.250000,0.916509,15.412168,10.588896,8.534428,14792,13557,193606,2.644609,725.674514,0.053528,20
QS2MAODV,27,20,19,3,50.000000,0.250000,0.859045,14.445853,24.137271,14.501446,14792,12707,613542,8.941441,733.760885,0.057745,20
QS2MAODV,28,20,19,3,50.000000,0.250000,0.747634,12.572337,47.989160,36.541312,14792,11059,1095016,18.336264,732.431872,0.066229,20
QS2MAODV,29,20,19,3,50.000000,0.250000,0.597891,10.054232,35.406418,4.727458,14792,8844,53292,1.115885,722.785274,0.081726,20
QS2MAODV,30,20,19,3,50.000000,0.250000,0.760614,12.790611,12.256085,7.906188,14792,11251,162660,2.677293,724.585694,0.064402,20
AODV,1,20,19,3,50.000000,0.250000,0.580922,9.768884,81.364628,43.647571,14792,8593,1501518,32.358767,727.248110,0.084633,20
AODV,2,20,19,3,50.000000,0.250000,0.404408,7.178400,66.930300,15.332917,14792,5982,281344,8.709586,724.120713,0.121050,20
AODV,3,20,19,3,50.000000,0.250000,0.809965,13.620505,17.947557,12.362770,14792,11981,295464,4.566860,725.799334,0.060579,20
AODV,4,20,19,3,50.000000,0.250000,0.909072,15.287116,40.264010,16.845924,14792,13447,366572,5.048242,725.129914,0.053925,20
AODV,5,20,19,3,50.000000,0.250000,0.417050,7.013179,85.249524,17.029088,14792,6169,117388,3.523832,721.721920,0.116992,20
AODV,6,20,19,3,50.000000,0.250000,0.886696,14.910821,30.012197,17.067145,14792,13116,354018,4.998390,725.316897,0.055300,20
AODV,7,20,19,3,50.000000,0.250000,0.430909,7.648800,48.502912,13.302632,14792,6374,300554,8.732060,725.105487,0.113760,20
AODV,8,20,19,3,50.000000,0.250000,0.342009,6.070800,19.312532,7.739975,14792,5059,161564,5.914066,722.108506,0.142737,20
AODV,9,20,19,3,50.000000,0.250000,0.644673,10.840926,95.916092,30.468238,14792,9536,1511180,29.346492,724.509851,0.075976,20
AODV,10,20,19,3,50.000000,0.250000,0.546174,9.184547,35.533925,23.534013,14792,8079,684784,15.696479,733.430840,0.090782,20
AODV,11,20,19,3,50.000000,0.250000,0.474310,8.419200,42.108105,20.574222,14792,7016,690492,18.225326,727.813070,0.103736,20
AODV,12,20,19,3,50.000000,0.250000,0.828286,13.928589,27.183784,14.164745,14792,12252,353008,5.335607,725.296143,0.059198,20
AODV,13,20,19,3,50.000000,0.250000,0.847553,14.252589,15.066213,11.533534,14792,12537,290852,4.296202,727.676685,0.058042,20
AODV,14,20,19,3,50.000000,0.250000,0.667793,11.229726,16.007406,7.810624,14792,9878,186792,3.501833,723.802756,0.073274,20
AODV,15,20,19,3,50.000000,0.250000,0.761087,12.798568,40.328657,14.703252,14792,11258,204578,3.365146,725.631834,0.064455,20
AODV,16,20,19,3,50.000000,0.250000,0.692063,11.637853,89.035764,32.509057,14792,10237,884092,15.993039,731.868624,0.071492,20
AODV,17,20,19,3,50.000000,0.250000,0.688413,11.576463,51.495720,26.464420,14792,10183,1085660,19.743509,734.373283,0.072118,20
AODV,18,20,19,3,50.000000,0.250000,0.563615,9.477853,44.038234,13.063524,14792,8337,206048,4.576831,725.077323,0.086971,20
AODV,19,20,19,3,50.000000,0.250000,0.655287,11.019411,15.837840,13.862250,14792,9693,712932,13.620597,723.322384,0.074623,20
AODV,20,20,19,3,50.000000,0.250000,0.653394,10.987579,134.876046,34.213931,14792,9665,618452,11.849783,724.349085,0.074946,20
AODV,21,20,19,3,50.000000,0.250000,0.542185,9.117474,42.039920,10.691523,14792,8020,263382,6.081602,722.953626,0.090144,20
AODV,22,20,19,3,50.000000,0.250000,0.719173,12.093726,28.271067,13.008137,14792,10638,284796,4.957699,725.117088,0.068163,20
AODV,23,20,19,3,50.000000,0.250000,0.731882,12.307453,67.811131,28.091157,14792,10826,671810,11.491711,730.809668,0.067505,20
AODV,24,20,19,3,50.000000,0.250000,0.567604,9.544926,73.179488,29.240528,14792,8396,217118,4.788832,724.322154,0.086270,20
AODV,25,20,19,3,50.000000,0.250000,0.508924,8.558147,26.003436,14.254451,14792,7528,264396,6.504015,723.645924,0.096127,20
AODV,26,20,19,3,50.000000,0.250000,0.572810,9.632463,68.441924,29.143119,14792,8473,625072,13.661522,725.468582,0.085621,20
AODV,27,20,19,3,50.000000,0.250000,0.699297,11.759495,86.848958,27.184068,14792,10344,413256,7.398384,725.199995,0.070108,20
AODV,28,20,19,3,50.000000,0.250000,0.752096,12.647368,52.258179,30.701251,14792,11125,708868,11.799717,728.596916,0.065492,20
AODV,29,20,19,3,50.000000,0.250000,0.405016,6.810821,15.458765,8.860092,14792,5991,94530,2.921976,723.077020,0.120694,20
AODV,30,20,19,3,50.000000,0.250000,0.693889,11.668547,28.700469,12.966890,14792,10264,239772,4.326015,725.074609,0.070642,20
PMAODV,1,20,19,3,50.000000,0.250000,0.600527,10.098568,32.424733,22.015074,14792,8883,709204,14.784878,730.506674,0.082236,20
PMAODV,2,20,19,3,50.000000,0.250000,0.384262,6.820800,10.304891,8.468232,14792,5684,262996,8.568431,724.989185,0.127549,20
PMAODV,3,20,19,3,50.000000,0.250000,0.682463,11.476421,20.989870,14.178470,14792,10095,179126,3.285932,724.841700,0.071802,20
PMAODV,4,20,19,3,50.000000,0.250000,0.901771,15.164337,64.725928,21.795680,14792,13339,335214,4.653772,724.877427,0.054343,20
PMAODV,5,20,19,3,50.000000,0.250000,0.781233,13.137347,74.274858,20.733338,14792,11556,248486,3.981994,722.050688,0.062483,20
PMAODV,6,20,19,3,50.000000,0.250000,0.836736,14.070695,28.972318,17.690504,14792,12377,359550,5.379602,725.280807,0.058599,20
PMAODV,7,20,19,3,50.000000,0.250000,0.477758,8.034063,73.438243,33.996152,14792,7067,316448,8.292271,725.388728,0.102645,20
PMAODV,8,20,19,3,50.000000,0.250000,0.334911,5.944800,14.596530,10.578087,14792,4954,109110,4.078635,722.335247,0.145808,20
PMAODV,9,20,19,3,50.000000,0.250000,0.497363,8.363747,75.321609,30.050428,14792,7357,1858566,46.782505,724.392184,0.098463,20
PMAODV,10,20,19,3,50.000000,0.250000,0.697134,11.723116,32.814759,21.391709,14792,10312,554470,9.957295,730.422020,0.070832,20
PMAODV,11,20,19,3,50.000000,0.250000,0.524202,8.815074,28.393311,21.483460,14792,7754,392686,9.378338,724.953840,0.093494,20
PMAODV,12,20,19,3,50.000000,0.250000,0.635614,10.688589,29.816115,12.456295,14792,9402,230510,4.540208,723.526691,0.076955,20
PMAODV,13,20,19,3,50.000000,0.250000,0.645349,10.852295,12.474614,9.439173,14792,9546,228388,4.430555,725.676650,0.076019,20
PMAODV,14,20,19,3,50.000000,0.250000,0.765752,12.877011,62.032420,20.666206,14792,11327,571676,9.346334,723.537539,0.063877,20
PMAODV,15,20,19,3,50.000000,0.250000,0.762845,12.828126,34.449058,22.698414,14792,11284,644438,10.576070,725.203842,0.064268,20
PMAODV,16,20,19,3,50.000000,0.250000,0.685168,11.521895,99.528910,30.600077,14792,10135,679562,12.416854,730.470736,0.072074,20
PMAODV,17,20,19,3,50.000000,0.250000,0.397850,7.062000,6.729570,5.124073,14792,5885,151732,4.774600,723.706826,0.122975,20
PMAODV,18,20,19,3,50.000000,0.250000,0.712209,11.976632,34.721236,15.443637,14792,10535,399154,7.016365,726.081974,0.068921,20
PMAODV,19,20,19,3,50.000000,0.250000,0.655692,11.026232,16.569285,12.745201,14792,9699,401678,7.669328,723.520987,0.074597,20
PMAODV,20,20,19,3,50.000000,0.250000,0.752772,12.658737,60.729168,33.545674,14792,11135,534404,8.887625,728.000316,0.065379,20
PMAODV,21,20,19,3,50.000000,0.250000,0.793943,13.351074,51.385474,28.174519,14792,11744,1082960,17.076647,726.372935,0.061851,20
PMAODV,22,20,19,3,50.000000,0.250000,0.680976,11.451411,59.002834,17.051190,14792,10073,333392,6.129183,725.220761,0.071997,20
PMAODV,23,20,19,3,50.000000,0.250000,0.490535,8.248926,61.785958,18.895225,14792,7256,322958,8.242425,726.057932,0.100063,20
PMAODV,24,20,19,3,50.000000,0.250000,0.629462,10.585137,79.926239,24.409393,14792,9311,263218,5.235106,724.511706,0.077812,20
PMAODV,25,20,19,3,50.000000,0.250000,0.508451,8.550189,58.016107,26.674111,14792,7521,402050,9.899442,724.459604,0.096325,20
PMAODV,26,20,19,3,50.000000,0.250000,0.845457,14.217347,35.173311,22.783247,14792,12506,642214,9.509717,726.766332,0.058113,20
PMAODV,27,20,19,3,50.000000,0.250000,0.691455,11.627621,24.357913,15.003197,14792,10228,345900,6.262765,726.563968,0.071037,20
PMAODV,28,20,19,3,50.000000,0.250000,0.701257,11.792463,60.099377,28.549894,14792,10373,438214,7.823266,728.426097,0.070223,20
PMAODV,29,20,19,3,50.000000,0.250000,0.475933,8.003368,68.743646,25.669264,14792,7040,210606,5.539931,722.949403,0.102692,20
PMAODV,30,20,19,3,50.000000,0.250000,0.705111,11.857263,29.196299,13.479238,14792,10430,244084,4.333724,725.101219,0.069521,20
QMAODV,1,20,19,3,50.000000,0.250000,0.556652,9.360758,27.321695,20.616889,14792,8234,753534,16.947211,728.816743,0.088513,20
QMAODV,2,20,19,3,50.000000,0.250000,0.413940,7.347600,13.922709,8.651699,14792,6123,323858,9.794823,724.544252,0.118332,20
QMAODV,3,20,19,3,50.000000,0.250000,0.643794,10.826147,32.664480,17.282241,14792,9523,439798,8.552355,730.867223,0.076748,20
QMAODV,4,20,19,3,50.000000,0.250000,0.824432,13.863789,46.525247,18.717493,14792,12195,422102,6.409761,725.360009,0.059480,20
QMAODV,5,20,19,3,50.000000,0.250000,0.751690,12.640547,113.254548,34.868074,14792,11119,424364,7.067715,722.216381,0.064953,20
QMAODV,6,20,19,3,50.000000,0.250000,0.858640,14.439032,42.079592,23.792495,14792,12701,353294,5.151155,725.747420,0.057141,20
QMAODV,7,20,19,3,50.000000,0.250000,0.411101,7.297200,16.414500,13.218797,14792,6081,298720,9.096944,726.185659,0.119419,20
QMAODV,8,20,19,3,50.000000,0.250000,0.300771,5.338800,4.508008,3.760120,14792,4449,114318,4.758373,722.495669,0.162395,20
QMAODV,9,20,19,3,50.000000,0.250000,0.403799,7.167600,121.550158,17.649513,14792,5973,144668,4.485245,724.690790,0.121328,20
QMAODV,10,20,19,3,50.000000,0.250000,0.724784,12.188084,102.600721,35.070996,14792,10721,685350,11.838137,732.489055,0.068323,20
QMAODV,11,20,19,3,50.000000,0.250000,0.524473,8.819621,180.622484,64.775904,14792,7758,795644,18.992199,728.650246,0.093922,20
QMAODV,12,20,19,3,50.000000,0.250000,0.660763,11.111495,37.033766,17.245446,14792,9774,278374,5.274273,726.865654,0.074367,20
QMAODV,13,20,19,3,50.000000,0.250000,0.796850,13.399958,22.626841,12.485403,14792,11787,300602,4.722749,725.631155,0.061562,20
QMAODV,14,20,19,3,50.000000,0.250000,0.587277,10.424400,7.125354,5.833309,14792,8687,220764,4.706138,724.126382,0.083357,20
QMAODV,15,20,19,3,50.000000,0.250000,0.739183,12.430232,34.268271,17.727485,14792,10934,359856,6.094750,725.990130,0.066397,20
QMAODV,16,20,19,3,50.000000,0.250000,0.536439,9.020842,132.952559,37.685518,14792,7935,476090,11.110878,724.980365,0.091365,20
QMAODV,17,20,19,3,50.000000,0.250000,0.502501,8.919600,19.159081,12.561298,14792,7433,365460,9.105042,723.911464,0.097392,20
QMAODV,18,20,19,3,50.000000,0.250000,0.659478,11.089895,44.871483,20.981629,14792,9755,357046,6.778025,726.226109,0.074447,20
QMAODV,19,20,19,3,50.000000,0.250000,0.632572,10.637432,41.007857,28.607319,14792,9357,559846,11.079960,723.789486,0.077353,20
QMAODV,20,20,19,3,50.000000,0.250000,0.685911,11.534400,176.400136,63.108833,14792,10146,654168,11.939900,727.988295,0.071751,20
QMAODV,21,20,19,3,50.000000,0.250000,0.696660,11.715158,29.669116,22.575790,14792,10305,967446,17.385412,726.443887,0.070494,20
QMAODV,22,20,19,3,50.000000,0.250000,0.561520,9.442611,51.977451,21.718743,14792,8306,256118,5.710241,725.125508,0.087301,20
QMAODV,23,20,19,3,50.000000,0.250000,0.644200,10.832968,134.782454,37.335542,14792,9529,464462,9.026286,728.641462,0.076466,20
QMAODV,24,20,19,3,50.000000,0.250000,0.738845,12.424547,81.961046,31.705538,14792,10929,579906,9.826151,725.108507,0.066347,20
QMAODV,25,20,19,3,50.000000,0.250000,0.416306,7.000674,24.994407,10.774394,14792,6158,147002,4.420687,723.971159,0.117566,20
QMAODV,26,20,19,3,50.000000,0.250000,0.691320,11.625347,74.490292,29.627092,14792,10226,666192,12.064237,724.765236,0.070875,20
QMAODV,27,20,19,3,50.000000,0.250000,0.539684,9.075411,38.617382,20.437872,14792,7983,413706,9.596921,729.205409,0.091345,20
QMAODV,28,20,19,3,50.000000,0.250000,0.631828,10.624926,60.095715,25.969935,14792,9346,511396,10.132994,724.446135,0.077514,20
QMAODV,29,20,19,3,50.000000,0.250000,0.520349,8.750274,123.299088,48.478356,14792,7697,885756,21.310756,722.962975,0.093928,20
QMAODV,30,20,19,3,50.000000,0.250000,0.668064,11.234274,50.499080,19.433814,14792,9882,286306,5.365273,725.326276,0.073399,20
QS2MAODV,1,20,19,3,50.000000,0.250000,0.698215,11.741305,53.399663,37.638373,14792,10328,1469722,26.352705,728.083866,0.070496,20
QS2MAODV,2,20,19,3,50.000000,0.250000,0.414481,7.357200,19.593537,14.874439,14792,6131,324410,9.798716,725.657713,0.118359,20
QS2MAODV,3,20,19,3,50.000000,0.250000,0.678204,11.404800,23.395246,16.647302,14792,10032,789234,14.568824,728.271810,0.072595,20
QS2MAODV,4,20,19,3,50.000000,0.250000,0.888926,14.948337,42.391394,16.990865,14792,13149,465654,6.558082,725.304009,0.055160,20
QS2MAODV,5,20,19,3,50.000000,0.250000,0.614724,10.337305,76.607769,20.022603,14792,9093,180470,3.675395,722.056004,0.079408,20
QS2MAODV,6,20,19,3,50.000000,0.250000,0.912250,15.340547,44.256590,19.076467,14792,13494,378026,5.187848,725.007766,0.053728,20
QS2MAODV,7,20,19,3,50.000000,0.250000,0.428407,7.604400,35.026824,17.928803,14792,6337,292760,8.555281,725.174601,0.114435,20
QS2MAODV,8,20,19,3,50.000000,0.250000,0.364048,6.121895,35.074029,13.239683,14792,5385,156986,5.398604,722.334310,0.134138,20
QS2MAODV,9,20,19,3,50.000000,0.250000,0.432058,7.265558,8.550409,6.983607,14792,6391,234726,6.801405,723.989709,0.113283,20
QS2MAODV,10,20,19,3,50.000000,0.250000,0.770822,12.962274,98.528597,34.463949,14792,11402,786882,12.780117,732.984530,0.064286,20
QS2MAODV,11,20,19,3,50.000000,0.250000,0.607693,10.219074,90.533361,37.768922,14792,8989,578732,11.922638,725.418367,0.080701,20
QS2MAODV,12,20,19,3,50.000000,0.250000,0.637304,10.717011,30.840403,10.919336,14792,9427,226076,4.441066,723.494729,0.076747,20
QS2MAODV,13,20,19,3,50.000000,0.250000,0.860127,14.464042,15.410144,13.172538,14792,12723,386308,5.622771,727.991594,0.057219,20
QS2MAODV,14,20,19,3,50.000000,0.250000,0.712885,11.988000,54.076500,13.757482,14792,10545,306172,5.376815,723.775501,0.068637,20
QS2MAODV,15,20,19,3,50.000000,0.250000,0.627434,10.551032,34.785807,17.532827,14792,9281,231256,4.614286,725.487880,0.078169,20
QS2MAODV,16,20,19,3,50.000000,0.250000,0.627839,10.557853,101.618443,44.940520,14792,9287,709814,14.153875,731.433642,0.078759,20
QS2MAODV,17,20,19,3,50.000000,0.250000,0.448756,7.965600,11.930098,7.045732,14792,6638,154548,4.311540,723.577993,0.109005,20
QS2MAODV,18,20,19,3,50.000000,0.250000,0.786033,13.218063,54.908968,20.152316,14792,11627,392990,6.259218,725.992025,0.062440,20
QS2MAODV,19,20,19,3,50.000000,0.250000,0.538332,9.052674,15.261887,10.119324,14792,7963,228802,5.320952,724.076437,0.090930,20
QS2MAODV,20,20,19,3,50.000000,0.250000,0.713764,12.002779,47.444960,39.802417,14792,10558,965344,16.931939,730.160116,0.069157,20
QS2MAODV,21,20,19,3,50.000000,0.250000,0.766428,12.888379,77.237691,28.465146,14792,11337,791616,12.930718,725.472499,0.063992,20
QS2MAODV,22,20,19,3,50.000000,0.250000,0.664819,11.179705,29.689151,10.671700,14792,9834,267622,5.039621,725.387225,0.073763,20
QS2MAODV,23,20,19,3,50.000000,0.250000,0.637236,10.715874,65.632052,20.803234,14792,9426,569308,11.184745,729.750681,0.077419,20
QS2MAODV,24,20,19,3,50.000000,0.250000,0.806787,13.567074,62.619867,28.999492,14792,11934,483978,7.510102,724.949392,0.060747,20
QS2MAODV,25,20,19,3,50.000000,0.250000,0.378583,6.366316,39.045612,12.898608,14792,5600,145928,4.825661,724.213422,0.129324,20
QS2MAODV,26,20,19,3,50.000000,0.250000,0.690306,11.608295,93.747168,25.394833,14792,10211,581638,10.548501,724.755429,0.070978,20
QS2MAODV,27,20,19,3,50.000000,0.250000,0.698012,11.737895,47.858430,27.662189,14792,10325,861390,15.449556,730.074725,0.070709,20
QS2MAODV,28,20,19,3,50.000000,0.250000,0.744659,12.522316,70.493726,32.065521,14792,11015,587416,9.875691,729.705169,0.066246,20
QS2MAODV,29,20,19,3,50.000000,0.250000,0.579976,9.752968,41.142104,18.708794,14792,8579,628436,13.565338,723.108848,0.084288,20
QS2MAODV,30,20,19,3,50.000000,0.250000,0.749932,12.610989,44.583120,15.761033,14792,11093,255252,4.261146,725.145060,0.065370,20
AODV,1,20,19,3,50.000000,0.250000,0.709370,11.928884,41.132114,30.610312,14792,10493,1221764,21.562241,728.510787,0.069428,20
AODV,2,20,19,3,50.000000,0.250000,0.700717,11.783368,122.302598,34.483472,14792,10365,492552,8.800129,726.815008,0.070122,20
AODV,3,20,19,3,50.000000,0.250000,0.613981,10.324800,67.459081,30.663821,14792,9082,750834,15.309770,725.714812,0.079907,20
AODV,4,20,19,3,50.000000,0.250000,0.853569,14.353768,29.214521,17.236375,14792,12626,389220,5.708679,725.153061,0.057433,20
AODV,5,20,19,3,50.000000,0.250000,0.705381,11.861811,89.879068,29.285456,14792,10434,431710,7.662095,724.434913,0.069430,20
AODV,6,20,19,3,50.000000,0.250000,0.698283,11.742442,30.012474,11.842688,14792,10329,290322,5.205086,724.595925,0.070152,20
AODV,7,20,19,3,50.000000,0.250000,0.517374,8.700253,75.933135,30.175316,14792,7653,636286,15.396673,726.492881,0.094929,20
AODV,8,20,19,3,50.000000,0.250000,0.546174,9.184547,107.441107,31.705645,14792,8079,642800,14.734130,723.348207,0.089534,20
AODV,9,20,19,3,50.000000,0.250000,0.616888,10.373684,53.954311,25.029498,14792,9125,1104900,22.423135,723.573195,0.079296,20
AODV,10,20,19,3,50.000000,0.250000,0.643929,10.828421,69.083855,32.240716,14792,9525,678772,13.196695,722.890884,0.075894,20
AODV,11,20,19,3,50.000000,0.250000,0.650554,10.939832,147.750100,39.262659,14792,9623,764182,14.705932,724.296018,0.075267,20
AODV,12,20,19,3,50.000000,0.250000,0.804624,13.530695,60.569326,18.934007,14792,11902,372472,5.795353,724.215205,0.060848,20
AODV,13,20,19,3,50.000000,0.250000,0.831801,13.987705,45.995012,21.453961,14792,12304,679288,10.223836,725.798180,0.058989,20
AODV,14,20,19,3,50.000000,0.250000,0.692672,11.648084,34.904440,16.741161,14792,10246,278688,5.036979,724.846833,0.070744,20
AODV,15,20,19,3,50.000000,0.250000,0.774067,13.016842,104.388026,25.284153,14792,11450,386154,6.245415,727.770523,0.063561,20
AODV,16,20,19,3,50.000000,0.250000,0.531571,8.938989,187.836398,48.314072,14792,7863,888080,20.915587,723.772576,0.092048,20
AODV,17,20,19,3,50.000000,0.250000,0.758991,12.763326,85.372573,33.931507,14792,11227,1287402,21.235217,727.740746,0.064821,20
AODV,18,20,19,3,50.000000,0.250000,0.608910,10.239537,108.721741,38.655431,14792,9007,768364,15.797672,723.885640,0.080369,20
AODV,19,20,19,3,50.000000,0.250000,0.763926,12.846316,102.431301,44.975106,14792,11300,1216516,19.936349,729.806714,0.064585,20
AODV,20,20,19,3,50.000000,0.250000,0.729584,12.268800,148.697672,52.597280,14792,10792,1153750,19.797758,730.133345,0.067655,20
AODV,21,20,19,3,50.000000,0.250000,0.704840,11.852716,147.491158,56.903160,14792,10426,1650262,29.311728,727.990718,0.069825,20
AODV,22,20,19,3,50.000000,0.250000,0.797729,13.414737,129.825868,43.310621,14792,11800,682134,10.705179,727.691091,0.061669,20
AODV,23,20,19,3,50.000000,0.250000,0.570917,9.600632,55.231076,24.838049,14792,8445,800300,17.549284,726.956701,0.086081,20
AODV,24,20,19,3,50.000000,0.250000,0.805300,13.542063,52.129785,25.410447,14792,11912,661928,10.290401,724.897396,0.060854,20
AODV,25,20,19,3,50.000000,0.250000,0.535357,9.002653,42.013887,16.387075,14792,7919,351120,8.210913,724.093452,0.091437,20
AODV,26,20,19,3,50.000000,0.250000,0.460857,7.749853,15.540838,10.520543,14792,6817,335460,9.112839,723.469083,0.106127,20
AODV,27,20,19,3,50.000000,0.250000,0.629935,10.593095,52.284987,22.529511,14792,9318,583274,11.591941,724.847343,0.077790,20
AODV,28,20,19,3,50.000000,0.250000,0.803340,13.509095,104.943490,40.886694,14792,11883,790172,12.314075,728.642105,0.061318,20
AODV,29,20,19,3,50.000000,0.250000,0.586128,9.856421,158.286547,51.322546,14792,8670,1133058,24.201333,723.659838,0.083467,20
AODV,30,20,19,3,50.000000,0.250000,0.528529,8.887832,36.391832,13.791829,14792,7818,297060,7.036469,723.819659,0.092584,20
PMAODV,1,20,19,3,50.000000,0.250000,0.701528,11.797011,54.658761,39.691863,14792,10377,1707262,30.467344,728.475474,0.070201,20
PMAODV,2,20,19,3,50.000000,0.250000,0.578759,9.732505,32.118620,15.984111,14792,8561,347176,7.509853,724.224526,0.084596,20
PMAODV,3,20,19,3,50.000000,0.250000,0.626690,10.538526,115.428576,43.230602,14792,9270,1068700,21.349235,726.916007,0.078416,20
PMAODV,4,20,19,3,50.000000,0.250000,0.674689,11.345684,58.566010,20.990738,14792,9980,660794,12.261449,723.890686,0.072534,20
PMAODV,5,20,19,3,50.000000,0.250000,0.608437,10.231579,58.262047,27.541314,14792,9000,449152,9.241811,724.570425,0.080508,20
PMAODV,6,20,19,3,50.000000,0.250000,0.784005,13.183958,107.528144,29.997401,14792,11597,464168,7.412006,726.740417,0.062666,20
PMAODV,7,20,19,3,50.000000,0.250000,0.550635,9.259579,105.912582,28.164609,14792,8145,559402,12.718596,726.460370,0.089191,20
PMAODV,8,20,19,3,50.000000,0.250000,0.551176,9.268674,88.321007,29.328471,14792,8153,969232,22.014891,723.282147,0.088714,20
PMAODV,9,20,19,3,50.000000,0.250000,0.685438,11.526442,41.565875,33.540186,14792,10139,1428074,26.083258,724.776212,0.071484,20
PMAODV,10,20,19,3,50.000000,0.250000,0.651366,10.953474,92.316027,33.842121,14792,9635,827514,15.904861,727.533429,0.075509,20
PMAODV,11,20,19,3,50.000000,0.250000,0.650622,10.940968,191.129740,62.128261,14792,9624,1046362,20.134117,730.454902,0.075899,20
PMAODV,12,20,19,3,50.000000,0.250000,0.701595,11.798147,86.061282,22.932956,14792,10378,299824,5.350064,727.037544,0.070056,20
PMAODV,13,20,19,3,50.000000,0.250000,0.737899,12.408632,53.590189,20.702257,14792,10915,626906,10.636162,728.345211,0.066729,20
PMAODV,14,20,19,3,50.000000,0.250000,0.887304,14.921053,42.080335,22.073900,14792,13125,614476,8.669855,725.569420,0.055281,20
PMAODV,15,20,19,3,50.000000,0.250000,0.485600,8.165937,47.344151,17.897283,14792,7183,206316,5.319040,722.966251,0.100650,20
PMAODV,16,20,19,3,50.000000,0.250000,0.380070,6.746400,89.692464,23.513656,14792,5622,556284,18.323649,723.436428,0.128680,20
PMAODV,17,20,19,3,50.000000,0.250000,0.801447,13.477263,45.248738,24.338909,14792,11855,872596,13.630692,726.429018,0.061276,20
PMAODV,18,20,19,3,50.000000,0.250000,0.659749,11.094442,128.441770,48.584850,14792,9759,957830,18.175625,724.179658,0.074206,20
PMAODV,19,20,19,3,50.000000,0.250000,0.691117,11.621937,46.256108,23.446821,14792,10223,797698,14.449951,724.444103,0.070864,20
PMAODV,20,20,19,3,50.000000,0.250000,0.557261,9.370989,106.688872,61.384976,14792,8243,793718,17.831471,725.043545,0.087959,20
PMAODV,21,20,19,3,50.000000,0.250000,0.762169,12.816758,83.269569,43.483755,14792,11274,1143258,18.779000,727.635288,0.064541,20
PMAODV,22,20,19,3,50.000000,0.250000,0.530895,8.927621,16.034914,11.003328,14792,7853,341432,8.051464,727.037148,0.092581,20
PMAODV,23,20,19,3,50.000000,0.250000,0.482017,8.105684,25.948641,13.793783,14792,7130,461750,11.992883,725.623740,0.101771,20
PMAODV,24,20,19,3,50.000000,0.250000,0.661303,11.120589,112.975947,29.443727,14792,9782,468244,8.864430,723.969396,0.074010,20
PMAODV,25,20,19,3,50.000000,0.250000,0.552596,9.292547,55.229499,34.237432,14792,8174,1561334,35.372636,727.200487,0.088965,20
PMAODV,26,20,19,3,50.000000,0.250000,0.387372,6.514105,22.483693,10.212607,14792,5730,171960,5.557495,722.545416,0.126099,20
PMAODV,27,20,19,3,50.000000,0.250000,0.776839,13.063453,110.951091,36.024445,14792,11491,660646,10.646754,724.312961,0.063033,20
PMAODV,28,20,19,3,50.000000,0.250000,0.684965,11.518484,54.356634,28.040787,14792,10132,549546,10.044194,729.650976,0.072015,20
PMAODV,29,20,19,3,50.000000,0.250000,0.575176,9.672253,92.310012,29.719502,14792,8508,631176,13.738181,723.698021,0.085061,20
PMAODV,30,20,19,3,50.000000,0.250000,0.499662,8.869200,50.744342,16.763229,14792,7391,333490,8.355758,723.106812,0.097836,20
QMAODV,1,20,19,3,50.000000,0.250000,0.636425,10.702232,85.375161,55.454879,14792,9414,1316838,25.903855,726.280346,0.077149,20
QMAODV,2,20,19,3,50.000000,0.250000,0.570646,9.596084,78.817353,30.935775,14792,8441,370912,8.137354,725.333927,0.085930,20
QMAODV,3,20,19,3,50.000000,0.250000,0.601744,10.119032,70.443128,35.533369,14792,8901,820920,17.079230,725.156164,0.081469,20
QMAODV,4,20,19,3,50.000000,0.250000,0.738575,12.420000,63.805474,22.249335,14792,10925,318202,5.393711,725.883990,0.066442,20
QMAODV,5,20,19,3,50.000000,0.250000,0.617361,10.381642,79.421687,22.891905,14792,9132,343726,6.970320,724.550725,0.079342,20
QMAODV,6,20,19,3,50.000000,0.250000,0.679692,11.429811,194.605711,57.699674,14792,10054,983814,18.120925,727.695008,0.072379,20
QMAODV,7,20,19,3,50.000000,0.250000,0.489319,8.228463,133.106114,47.341898,14792,7238,872262,22.316938,727.659955,0.100533,20
QMAODV,8,20,19,3,50.000000,0.250000,0.328353,5.521642,79.722255,17.221820,14792,4857,259696,9.901555,722.925159,0.148842,20
QMAODV,9,20,19,3,50.000000,0.250000,0.628042,10.561263,118.515416,45.520995,14792,9290,1189440,23.710083,725.570883,0.078102,20
QMAODV,10,20,19,3,50.000000,0.250000,0.533058,8.964000,126.203082,39.492435,14792,7885,518172,12.169661,724.233940,0.091850,20
QMAODV,11,20,19,3,50.000000,0.250000,0.609721,10.253179,146.433367,60.056763,14792,9019,731384,15.017350,731.150997,0.081068,20
QMAODV,12,20,19,3,50.000000,0.250000,0.755544,12.705347,76.554853,29.847570,14792,11176,427536,7.084228,728.008442,0.065140,20
QMAODV,13,20,19,3,50.000000,0.250000,0.565914,10.045200,29.330309,11.982185,14792,8371,293466,6.492122,725.868164,0.086712,20
QMAODV,14,20,19,3,50.000000,0.250000,0.689697,11.598063,41.274105,17.527169,14792,10202,299090,5.429037,725.446494,0.071108,20
QMAODV,15,20,19,3,50.000000,0.250000,0.573418,9.642695,144.872825,49.230497,14792,8482,384454,8.393679,724.213052,0.085382,20
QMAODV,16,20,19,3,50.000000,0.250000,0.361614,6.080968,105.123093,25.439128,14792,5349,456502,15.804339,724.010045,0.135354,20
QMAODV,17,20,19,3,50.000000,0.250000,0.704976,11.854989,139.457597,44.713729,14792,10428,1109598,19.704748,727.959656,0.069808,20
QMAODV,18,20,19,3,50.000000,0.250000,0.534749,8.992421,111.657096,33.474514,14792,7910,507792,11.888187,724.359130,0.091575,20
QMAODV,19,20,19,3,50.000000,0.250000,0.682058,11.469600,101.394737,47.302956,14792,10089,823408,15.113784,726.568746,0.072016,20
QMAODV,20,20,19,3,50.000000,0.250000,0.519605,8.737768,144.256824,56.660537,14792,7686,722612,17.410491,725.138625,0.094345,20
QMAODV,21,20,19,3,50.000000,0.250000,0.579502,9.745011,104.856855,64.211369,14792,8572,1330338,28.739954,729.294256,0.085079,20
QMAODV,22,20,19,3,50.000000,0.250000,0.743307,12.499579,84.734720,34.158834,14792,10995,969648,16.331464,729.933175,0.066388,20
QMAODV,23,20,19,3,50.000000,0.250000,0.576257,9.690442,117.596150,49.042416,14792,8524,991956,21.550394,728.178051,0.085427,20
QMAODV,24,20,19,3,50.000000,0.250000,0.716806,12.053937,124.104511,43.231380,14792,10603,704532,12.304903,725.465367,0.068421,20
QMAODV,25,20,19,3,50.000000,0.250000,0.466874,7.851032,66.023778,20.921868,14792,6906,424678,11.387789,726.071631,0.105136,20
QMAODV,26,20,19,3,50.000000,0.250000,0.412385,6.934737,6.449666,4.959235,14792,6100,174918,5.310200,722.848914,0.118500,20
QMAODV,27,20,19,3,50.000000,0.250000,0.491279,8.261432,56.748631,26.928944,14792,7267,323702,8.248908,725.054041,0.099774,20
QMAODV,28,20,19,3,50.000000,0.250000,0.653664,10.992126,98.299202,45.367842,14792,9669,978254,18.735976,730.528137,0.075554,20
QMAODV,29,20,19,3,50.000000,0.250000,0.493375,8.296674,59.337057,27.866264,14792,7298,566562,14.376389,724.127142,0.099223,20
QMAODV,30,20,19,3,50.000000,0.250000,0.299959,5.324400,64.792835,13.801901,14792,4437,180672,7.540631,722.679709,0.162876,20
QS2MAODV,1,20,19,3,50.000000,0.250000,0.487088,8.190947,46.536969,18.578171,14792,7205,415340,10.675200,727.626045,0.100989,20
QS2MAODV,2,20,19,3,50.000000,0.250000,0.577136,9.705221,142.161173,51.618031,14792,8537,523144,11.348075,727.713942,0.085242,20
QS2MAODV,3,20,19,3,50.000000,0.250000,0.533464,8.970821,33.451780,16.909107,14792,7891,334738,7.855597,726.554065,0.092074,20
QS2MAODV,4,20,19,3,50.000000,0.250000,0.856341,14.400379,61.038332,25.033960,14792,12667,544484,7.960083,725.315789,0.057260,20
QS2MAODV,5,20,19,3,50.000000,0.250000,0.743510,12.502989,56.064441,24.797682,14792,10998,434742,7.320220,725.914644,0.066004,20
QS2MAODV,6,20,19,3,50.000000,0.250000,0.820511,13.797853,79.452384,29.077522,14792,12137,574092,8.759441,727.118955,0.059909,20
QS2MAODV,7,20,19,3,50.000000,0.250000,0.651839,10.961432,115.421393,35.466018,14792,9642,788402,15.142125,725.615577,0.075256,20
QS2MAODV,8,20,19,3,50.000000,0.250000,0.478502,8.046568,94.073789,28.309281,14792,7078,423718,11.085942,723.472258,0.102214,20
QS2MAODV,9,20,19,3,50.000000,0.250000,0.452745,7.613432,13.601379,11.007923,14792,6697,185810,5.138011,723.875463,0.108090,20
QS2MAODV,10,20,19,3,50.000000,0.250000,0.699905,11.769726,75.004314,27.929814,14792,10353,681440,12.188988,726.569762,0.070180,20
QS2MAODV,11,20,19,3,50.000000,0.250000,0.690306,11.608295,139.647545,46.338938,14792,10211,640600,11.617827,725.636879,0.071064,20
QS2MAODV,12,20,19,3,50.000000,0.250000,0.769064,12.932716,73.641623,21.186157,14792,11376,372336,6.061103,724.879063,0.063720,20
QS2MAODV,13,20,19,3,50.000000,0.250000,0.445038,7.899600,38.248310,8.501619,14792,6583,229712,6.461987,723.008165,0.109830,20
QS2MAODV,14,20,19,3,50.000000,0.250000,0.847620,14.253726,39.146894,16.467108,14792,12538,525612,7.763244,725.538046,0.057867,20
QS2MAODV,15,20,19,3,50.000000,0.250000,0.463359,7.791916,39.787350,16.869978,14792,6854,167384,4.522474,723.649464,0.105581,20
QS2MAODV,16,20,19,3,50.000000,0.250000,0.412520,6.937011,110.535870,27.497126,14792,6102,449234,13.633478,723.656702,0.118593,20
QS2MAODV,17,20,19,3,50.000000,0.250000,0.709167,11.925474,138.630611,31.145503,14792,10490,636694,11.239876,726.680380,0.069274,20
QS2MAODV,18,20,19,3,50.000000,0.250000,0.681111,11.453684,74.478425,36.972413,14792,10075,710946,13.067659,724.214643,0.071882,20
QS2MAODV,19,20,19,3,50.000000,0.250000,0.712345,11.978905,67.550814,31.699054,14792,10537,812384,14.277449,726.328183,0.068931,20
QS2MAODV,20,20,19,3,50.000000,0.250000,0.544281,9.152716,259.607244,45.743791,14792,8051,405566,9.328632,724.814630,0.090028,20
QS2MAODV,21,20,19,3,50.000000,0.250000,0.479719,8.067032,24.867418,14.535804,14792,7096,419284,10.942106,723.950687,0.102022,20
QS2MAODV,22,20,19,3,50.000000,0.250000,0.733031,12.326779,100.801181,30.174791,14792,10843,662138,11.308508,727.518736,0.067096,20
QS2MAODV,23,20,19,3,50.000000,0.250000,0.473094,7.955621,123.436383,31.057495,14792,6998,592690,15.684111,725.899187,0.103730,20
QS2MAODV,24,20,19,3,50.000000,0.250000,0.734857,12.357474,109.473356,36.080250,14792,10870,581948,9.914273,723.704881,0.066578,20
QS2MAODV,25,20,19,3,50.000000,0.250000,0.604043,10.157684,32.818678,22.212893,14792,8935,1203862,24.951025,724.821272,0.081122,20
QS2MAODV,26,20,19,3,50.000000,0.250000,0.441252,7.420168,48.474507,16.898474,14792,6527,212994,6.043103,722.843031,0.110747,20
QS2MAODV,27,20,19,3,50.000000,0.250000,0.475324,7.993137,21.333883,10.077407,14792,7031,212246,5.590217,723.510749,0.102903,20
QS2MAODV,28,20,19,3,50.000000,0.250000,0.757774,12.742863,104.381562,53.819850,14792,11209,1286498,21.254382,731.526037,0.065262,20
QS2MAODV,29,20,19,3,50.000000,0.250000,0.525825,8.842358,60.927545,30.677178,14792,7778,680502,16.201966,723.831820,0.093061,20
QS2MAODV,30,20,19,3,50.000000,0.250000,0.504800,8.488800,46.311469,19.164780,14792,7467,387906,9.620255,723.031756,0.096830,20
AODV,1,20,19,3,50.000000,0.250000,0.517442,8.701389,165.759459,42.554687,14792,7654,798318,19.314955,726.398663,0.094904,20
AODV,2,20,19,3,50.000000,0.250000,0.417726,7.024547,62.797951,39.371439,14792,6179,988112,29.613805,727.822012,0.117790,20
AODV,3,20,19,3,50.000000,0.250000,0.639670,10.756800,93.619045,32.648318,14792,9462,675066,13.212029,724.035094,0.076520,20
AODV,4,20,19,3,50.000000,0.250000,0.647647,10.890947,60.030014,23.234684,14792,9580,530362,10.252107,725.467844,0.075727,20
AODV,5,20,19,3,50.000000,0.250000,0.619659,10.420295,38.525831,19.052605,14792,9166,720152,14.549583,723.144593,0.078894,20
AODV,6,20,19,3,50.000000,0.250000,0.577880,9.717726,38.288696,13.235807,14792,8548,437800,9.484566,724.307594,0.084734,20
AODV,7,20,19,3,50.000000,0.250000,0.418672,7.431600,126.081516,45.407557,14792,6193,532042,15.909300,724.197345,0.116938,20
AODV,8,20,19,3,50.000000,0.250000,0.405827,7.203600,111.042112,34.898280,14792,6003,426312,13.151202,722.136374,0.120296,20
AODV,9,20,19,3,50.000000,0.250000,0.603840,10.154274,81.572932,35.085882,14792,8932,672132,13.935164,724.379045,0.081099,20
AODV,10,20,19,3,50.000000,0.250000,0.800433,13.460211,93.958039,33.070765,14792,11840,593026,9.275307,726.098907,0.061326,20
AODV,11,20,19,3,50.000000,0.250000,0.647309,10.885263,147.830240,48.497361,14792,9575,948544,18.345305,728.282053,0.076061,20
AODV,12,20,19,3,50.000000,0.250000,0.597688,10.050821,76.475578,29.081354,14792,8841,680382,14.251404,723.949256,0.081885,20
AODV,13,20,19,3,50.000000,0.250000,0.768591,12.924758,107.656332,39.931483,14792,11369,1238422,20.172171,728.697865,0.064095,20
AODV,14,20,19,3,50.000000,0.250000,0.844646,14.203705,108.084269,33.869817,14792,12494,952652,14.120141,728.557528,0.058313,20
AODV,15,20,19,3,50.000000,0.250000,0.664886,11.180842,65.103810,32.959868,14792,9835,583378,10.984541,723.350655,0.073549,20
AODV,16,20,19,3,50.000000,0.250000,0.388453,6.532295,39.351227,21.035666,14792,5746,854652,27.544185,723.784245,0.125963,20
AODV,17,20,19,3,50.000000,0.250000,0.534208,8.983326,65.098552,24.563148,14792,7902,388348,9.101025,722.915285,0.091485,20
AODV,18,20,19,3,50.000000,0.250000,0.632910,10.643116,46.216485,24.783750,14792,9362,520132,10.288479,724.912196,0.077431,20
AODV,19,20,19,3,50.000000,0.250000,0.547390,9.205011,52.644539,21.463357,14792,8097,437494,10.005855,724.331949,0.089457,20
AODV,20,20,19,3,50.000000,0.250000,0.464778,7.815789,111.161227,27.984453,14792,6875,654418,17.627421,725.258128,0.105492,20
AODV,21,20,19,3,50.000000,0.250000,0.649540,10.922779,127.163159,41.819881,14792,9608,754568,14.543590,725.399324,0.075500,20
AODV,22,20,19,3,50.000000,0.250000,0.611141,10.277053,140.390814,50.032018,14792,9040,658200,13.483284,730.062105,0.080759,20
AODV,23,20,19,3,50.000000,0.250000,0.520687,8.755958,93.501642,39.132273,14792,7702,1045406,25.135511,725.698411,0.094222,20
AODV,24,20,19,3,50.000000,0.250000,0.770214,12.952042,56.450994,31.685714,14792,11393,891418,14.489371,727.646704,0.063868,20
AODV,25,20,19,3,50.000000,0.250000,0.670362,11.272926,43.527381,20.305515,14792,9916,545008,10.178238,724.429491,0.073057,20
AODV,26,20,19,3,50.000000,0.250000,0.489657,8.234147,115.762765,30.455619,14792,7243,393758,10.067396,722.556085,0.099759,20
AODV,27,20,19,3,50.000000,0.250000,0.605124,10.741200,158.260439,34.608880,14792,8951,377716,7.814480,723.697553,0.080851,20
AODV,28,20,19,3,50.000000,0.250000,0.652853,10.978484,102.846324,44.707734,14792,9657,865240,16.592071,732.125378,0.075813,20
AODV,29,20,19,3,50.000000,0.250000,0.715454,12.031200,101.166432,41.799759,14792,10583,835772,14.624643,725.925159,0.068594,20
AODV,30,20,19,3,50.000000,0.250000,0.641293,10.784084,147.861563,46.854397,14792,9486,728622,14.224120,724.623362,0.076389,20
PMAODV,1,20,19,3,50.000000,0.250000,0.622296,10.464632,95.244592,54.371163,14792,9205,1762562,35.459030,728.740895,0.079168,20
PMAODV,2,20,19,3,50.000000,0.250000,0.630814,10.607874,43.406325,22.274670,14792,9331,492306,9.770419,724.897148,0.077687,20
PMAODV,3,20,19,3,50.000000,0.250000,0.699432,11.761768,130.973387,42.486774,14792,10346,972400,17.405188,727.561874,0.070323,20
PMAODV,4,20,19,3,50.000000,0.250000,0.538602,9.057221,38.334679,17.678451,14792,7967,484968,11.272611,723.288017,0.090785,20
PMAODV,5,20,19,3,50.000000,0.250000,0.719916,12.106232,37.118160,29.128385,14792,10649,1069638,18.600912,724.188016,0.068005,20
PMAODV,6,20,19,3,50.000000,0.250000,0.712885,11.988000,58.630023,27.393268,14792,10545,690178,12.120506,725.770205,0.068826,20
PMAODV,7,20,19,3,50.000000,0.250000,0.375135,6.658800,46.217743,21.059026,14792,5549,527454,17.602571,724.503146,0.130565,20
PMAODV,8,20,19,3,50.000000,0.250000,0.371485,6.246947,76.033556,23.942700,14792,5495,325628,10.973882,721.882950,0.131371,20
PMAODV,9,20,19,3,50.000000,0.250000,0.574500,9.660884,131.958114,53.823925,14792,8498,1147000,24.994988,725.181157,0.085336,20
PMAODV,10,20,19,3,50.000000,0.250000,0.640076,10.763621,58.138108,22.059800,14792,9468,454398,8.887598,725.863050,0.076665,20
PMAODV,11,20,19,3,50.000000,0.250000,0.629327,10.582863,174.766135,58.158298,14792,9309,1148258,22.842450,727.401969,0.078140,20
PMAODV,12,20,19,3,50.000000,0.250000,0.566590,9.527874,54.621213,26.340319,14792,8381,619444,13.687132,723.401964,0.086315,20
PMAODV,13,20,19,3,50.000000,0.250000,0.670903,11.282021,109.499581,39.080618,14792,9924,1276542,23.820704,727.304806,0.073287,20
PMAODV,14,20,19,3,50.000000,0.250000,0.783870,13.181684,59.913825,26.572734,14792,11595,880700,14.065769,728.287474,0.062810,20
PMAODV,15,20,19,3,50.000000,0.250000,0.680909,11.450274,33.524473,18.353393,14792,10072,433640,7.972965,726.647733,0.072145,20
PMAODV,16,20,19,3,50.000000,0.250000,0.296174,5.566447,37.064704,13.314533,14792,4381,298904,12.634694,722.879395,0.165003,20
PMAODV,17,20,19,3,50.000000,0.250000,0.707409,11.895916,91.087077,26.472317,14792,10464,656562,11.619415,725.428166,0.069326,20
PMAODV,18,20,19,3,50.000000,0.250000,0.722553,12.150568,149.485099,40.255154,14792,10688,751172,13.015150,725.739814,0.067902,20
PMAODV,19,20,19,3,50.000000,0.250000,0.813007,13.671663,132.192272,39.619664,14792,12026,804082,12.381846,726.668804,0.060425,20
PMAODV,20,20,19,3,50.000000,0.250000,0.503110,8.460379,81.342553,28.706061,14792,7442,973714,24.229697,724.524211,0.097356,20
PMAODV,21,20,19,3,50.000000,0.250000,0.704705,11.850442,149.426319,56.339908,14792,10424,1394114,24.766813,728.056556,0.069844,20
PMAODV,22,20,19,3,50.000000,0.250000,0.692469,11.644674,70.949876,31.842190,14792,10243,750564,13.569592,736.232907,0.071877,20
PMAODV,23,20,19,3,50.000000,0.250000,0.624189,10.496463,229.506713,54.417872,14792,9233,1317946,26.433887,725.905082,0.078621,20
PMAODV,24,20,19,3,50.000000,0.250000,0.792996,13.335158,72.933069,28.917702,14792,11730,786898,12.423005,728.137630,0.062075,20
PMAODV,25,20,19,3,50.000000,0.250000,0.541915,9.112926,32.262352,19.083063,14792,8016,567348,13.106842,723.552673,0.090264,20
PMAODV,26,20,19,3,50.000000,0.250000,0.484654,8.150021,76.049975,25.279837,14792,7169,385400,9.955415,723.857549,0.100971,20
PMAODV,27,20,19,3,50.000000,0.250000,0.645619,10.856842,111.694775,31.587392,14792,9550,460406,8.927787,725.959840,0.076017,20
PMAODV,28,20,19,3,50.000000,0.250000,0.651230,10.951200,91.496609,33.285764,14792,9633,587146,11.287319,725.415429,0.075305,20
PMAODV,29,20,19,3,50.000000,0.250000,0.634870,10.676084,73.859645,36.323984,14792,9391,728608,14.367736,724.958515,0.077197,20
PMAODV,30,20,19,3,50.000000,0.250000,0.616347,10.364589,176.170313,46.275325,14792,9117,733074,14.890254,726.090137,0.079641,20
QMAODV,1,20,19,3,50.000000,0.250000,0.402447,6.767621,108.504378,37.194497,14792,5953,631134,19.633238,726.823533,0.122094,20
QMAODV,2,20,19,3,50.000000,0.250000,0.578150,9.722274,215.834650,89.079758,14792,8552,1127854,24.422574,730.342584,0.085400,20
QMAODV,3,20,19,3,50.000000,0.250000,0.567063,9.535832,285.376771,79.857685,14792,8388,975168,21.529169,729.660567,0.086989,20
QMAODV,4,20,19,3,50.000000,0.250000,0.506152,8.511537,71.907402,26.071135,14792,7487,406960,10.065843,725.402965,0.096888,20
QMAODV,5,20,19,3,50.000000,0.250000,0.572674,9.630189,59.413848,22.568869,14792,8471,517488,11.312845,724.171703,0.085488,20
QMAODV,6,20,19,3,50.000000,0.250000,0.651568,10.956884,75.251022,36.414570,14792,9638,738644,14.192356,727.001725,0.075431,20
QMAODV,7,20,19,3,50.000000,0.250000,0.322134,5.417053,83.885800,34.273454,14792,4765,391550,15.217053,724.786634,0.152106,20
QMAODV,8,20,19,3,50.000000,0.250000,0.319970,5.380674,133.344838,34.636958,14792,4733,312300,12.219170,721.989419,0.152544,20
QMAODV,9,20,19,3,50.000000,0.250000,0.585114,9.839368,113.716790,49.740474,14792,8655,813046,17.396196,725.535210,0.083828,20
QMAODV,10,20,19,3,50.000000,0.250000,0.536844,9.027663,44.650103,18.484498,14792,7941,410258,9.567272,726.274922,0.091459,20
QMAODV,11,20,19,3,50.000000,0.250000,0.586060,9.855284,177.312171,62.211570,14792,8669,997204,21.302043,730.138288,0.084224,20
QMAODV,12,20,19,3,50.000000,0.250000,0.537520,9.039032,59.418817,31.463860,14792,7951,652870,15.205867,726.253804,0.091341,20
QMAODV,13,20,19,3,50.000000,0.250000,0.521295,8.766189,119.573111,39.975474,14792,7711,459064,11.024751,726.595216,0.094228,20
QMAODV,14,20,19,3,50.000000,0.250000,0.690779,11.616253,132.452175,37.096773,14792,10218,573174,10.387878,727.645470,0.071212,20
QMAODV,15,20,19,3,50.000000,0.250000,0.563818,9.481263,39.682090,21.353271,14792,8340,437340,9.710898,726.424377,0.087101,20
QMAODV,16,20,19,3,50.000000,0.250000,0.276906,5.204329,69.681388,25.555060,14792,4096,292566,13.227268,723.054939,0.176527,20
QMAODV,17,20,19,3,50.000000,0.250000,0.631558,10.620379,130.830108,56.107918,14792,9342,884294,17.529239,727.019009,0.077823,20
QMAODV,18,20,19,3,50.000000,0.250000,0.636290,10.699958,125.407079,35.305513,14792,9412,670434,13.191080,724.914046,0.077020,20
QMAODV,19,20,19,3,50.000000,0.250000,0.434356,7.304211,67.123826,29.319796,14792,6425,449482,12.955239,726.262826,0.113037,20
QMAODV,20,20,19,3,50.000000,0.250000,0.480733,8.084084,98.917425,41.174875,14792,7111,902314,23.498128,727.697651,0.102334,20
QMAODV,21,20,19,3,50.000000,0.250000,0.578759,9.732505,222.802307,60.109142,14792,8561,908978,19.662336,726.445035,0.084855,20
QMAODV,22,20,19,3,50.000000,0.250000,0.575581,9.679074,136.892573,54.854200,14792,8514,942498,20.499961,729.994730,0.085741,20
QMAODV,23,20,19,3,50.000000,0.250000,0.558072,9.384632,168.179005,61.569502,14792,8255,1408064,31.587231,727.782236,0.088163,20
QMAODV,24,20,19,3,50.000000,0.250000,0.534005,8.979916,82.916929,26.314020,14792,7899,400804,9.396501,724.959356,0.091779,20
QMAODV,25,20,19,3,50.000000,0.250000,0.562669,9.461937,27.482793,20.043091,14792,8323,521942,11.613111,724.169956,0.087008,20
QMAODV,26,20,19,3,50.000000,0.250000,0.533870,8.977642,136.965577,43.729766,14792,7897,717348,16.821859,724.015463,0.091682,20
QMAODV,27,20,19,3,50.000000,0.250000,0.522174,8.780968,141.301123,34.245631,14792,7724,353354,8.471767,724.292497,0.093772,20
QMAODV,28,20,19,3,50.000000,0.250000,0.437196,7.351958,130.896909,39.229232,14792,6467,473722,13.565223,727.885490,0.112554,20
QMAODV,29,20,19,3,50.000000,0.250000,0.662994,11.149011,160.800879,63.206669,14792,9807,960786,18.142483,725.903829,0.074019,20
QMAODV,30,20,19,3,50.000000,0.250000,0.552799,9.295958,206.621579,65.629220,14792,8177,647340,14.660362,725.572809,0.088733,20
QS2MAODV,1,20,19,3,50.000000,0.250000,0.653326,10.986442,127.555187,58.085088,14792,9664,1408842,26.996758,727.783049,0.075309,20
QS2MAODV,2,20,19,3,50.000000,0.250000,0.672052,11.301347,189.955920,62.473365,14792,9941,1105274,20.589515,729.152780,0.073348,20
QS2MAODV,3,20,19,3,50.000000,0.250000,0.538196,9.050400,101.849657,34.381044,14792,7961,687552,15.993524,725.028150,0.091072,20
QS2MAODV,4,20,19,3,50.000000,0.250000,0.684965,11.518484,55.648573,27.798742,14792,10132,757946,13.853175,725.775928,0.071632,20
QS2MAODV,5,20,19,3,50.000000,0.250000,0.553813,9.313011,20.372618,15.626310,14792,8192,554112,12.526042,723.509785,0.088319,20
QS2MAODV,6,20,19,3,50.000000,0.250000,0.700514,11.779958,112.023438,36.818763,14792,10362,819120,14.638959,727.635729,0.070222,20
QS2MAODV,7,20,19,3,50.000000,0.250000,0.380882,6.760800,64.551558,29.068757,14792,5634,405392,13.324919,724.940284,0.128672,20
QS2MAODV,8,20,19,3,50.000000,0.250000,0.296714,4.989600,24.749925,14.094669,14792,4389,248928,10.503025,722.052069,0.164514,20
QS2MAODV,9,20,19,3,50.000000,0.250000,0.480800,8.085221,53.302294,20.850509,14792,7112,341548,8.893367,724.120088,0.101817,20
QS2MAODV,10,20,19,3,50.000000,0.250000,0.654611,11.008042,105.551088,41.379068,14792,9683,740658,14.164917,726.056334,0.074983,20
QS2MAODV,11,20,19,3,50.000000,0.250000,0.667793,11.229726,169.815370,55.348414,14792,9878,991024,18.578960,728.346066,0.073734,20
QS2MAODV,12,20,19,3,50.000000,0.250000,0.597620,10.049684,58.943831,26.388895,14792,8840,700430,14.672993,724.937388,0.082006,20
QS2MAODV,13,20,19,3,50.000000,0.250000,0.676650,11.378653,129.570361,44.186900,14792,10009,1134042,20.981894,726.552756,0.072590,20
QS2MAODV,14,20,19,3,50.000000,0.250000,0.847485,14.251453,82.690360,31.583461,14792,12536,831860,12.288461,727.265984,0.058014,20
QS2MAODV,15,20,19,3,50.000000,0.250000,0.699500,11.762905,81.631839,40.450265,14792,10347,575328,10.296919,727.262756,0.070287,20
QS2MAODV,16,20,19,3,50.000000,0.250000,0.278191,4.938000,38.068741,12.130799,14792,4115,217532,9.789478,722.577460,0.175596,20
QS2MAODV,17,20,19,3,50.000000,0.250000,0.551650,9.276632,110.490036,28.754088,14792,8160,450118,10.215096,723.253983,0.088634,20
QS2MAODV,18,20,19,3,50.000000,0.250000,0.687331,11.558274,126.091183,34.805975,14792,10167,749480,13.651283,725.367716,0.071345,20
QS2MAODV,19,20,19,3,50.000000,0.250000,0.496282,8.345558,72.133818,26.216947,14792,7341,363000,9.157093,723.943452,0.098616,20
QS2MAODV,20,20,19,3,50.000000,0.250000,0.640076,10.763621,125.058876,65.452629,14792,9468,1630804,31.896994,727.825374,0.076872,20
QS2MAODV,21,20,19,3,50.000000,0.250000,0.600527,10.098568,125.107545,42.314701,14792,8883,921424,19.209059,727.590373,0.081908,20
QS2MAODV,22,20,19,3,50.000000,0.250000,0.703556,11.831116,103.583029,32.517828,14792,10407,703236,12.513586,728.261192,0.069978,20
QS2MAODV,23,20,19,3,50.000000,0.250000,0.587277,9.875747,187.538613,74.977745,14792,8687,1505718,32.098154,725.907972,0.083563,20
QS2MAODV,24,20,19,3,50.000000,0.250000,0.726609,12.218779,58.381656,29.166756,14792,10748,654598,11.278550,725.013147,0.067456,20
QS2MAODV,25,20,19,3,50.000000,0.250000,0.576731,9.698400,38.545676,17.897630,14792,8531,507634,11.019376,723.573018,0.084817,20
QS2MAODV,26,20,19,3,50.000000,0.250000,0.448486,7.541811,73.165930,28.158653,14792,6634,328860,9.179982,723.552517,0.109067,20
QS2MAODV,27,20,19,3,50.000000,0.250000,0.704097,11.840211,183.592576,37.927975,14792,10415,496396,8.826230,726.179252,0.069724,20
QS2MAODV,28,20,19,3,50.000000,0.250000,0.676312,11.372968,174.922539,53.537438,14792,10004,1094372,20.258045,728.586072,0.072829,20
QS2MAODV,29,20,19,3,50.000000,0.250000,0.731950,12.308589,120.926824,43.864279,14792,10827,849832,14.535540,727.480051,0.067191,20
QS2MAODV,30,20,19,3,50.000000,0.250000,0.610465,10.265684,171.210699,53.160902,14792,9030,719496,14.755260,726.451001,0.080449,20
AODV,1,20,19,3,50.000000,0.250000,0.483234,8.126147,162.998819,36.729891,14792,7148,617104,15.987482,725.883514,0.101551,20
AODV,2,20,19,3,50.000000,0.250000,0.626082,10.528295,190.895882,68.768025,14792,9261,1528794,30.570133,728.599589,0.078674,20
AODV,3,20,19,3,50.000000,0.250000,0.678745,11.413895,153.617290,52.739525,14792,10040,1512362,27.895123,729.641662,0.072673,20
AODV,4,20,19,3,50.000000,0.250000,0.524540,8.820758,100.043007,26.237087,14792,7759,334344,7.979837,724.204998,0.093337,20
AODV,5,20,19,3,50.000000,0.250000,0.531571,8.938989,96.347273,33.005193,14792,7863,595484,14.024522,723.083188,0.091960,20
AODV,6,20,19,3,50.000000,0.250000,0.447742,7.529305,56.003445,22.417896,14792,6623,473666,13.244138,724.837823,0.109443,20
AODV,7,20,19,3,50.000000,0.250000,0.754529,12.688295,160.071331,50.848046,14792,11161,1161170,19.266328,729.218005,0.065336,20
AODV,8,20,19,3,50.000000,0.250000,0.538061,9.048126,118.256338,31.614942,14792,7959,453204,10.544876,724.040366,0.090971,20
AODV,9,20,19,3,50.000000,0.250000,0.580652,9.764337,284.606781,68.532541,14792,8589,1172856,25.287642,724.406448,0.084341,20
AODV,10,20,19,3,50.000000,0.250000,0.779678,13.111200,151.489455,56.066792,14792,11533,1062986,17.068348,729.514715,0.063255,20
AODV,11,20,19,3,50.000000,0.250000,0.602488,10.131537,169.984199,69.562762,14792,8912,1556214,32.337049,727.238243,0.081602,20
AODV,12,20,19,3,50.000000,0.250000,0.414481,7.357200,81.250006,16.117925,14792,6131,367290,11.093894,722.970482,0.117920,20
AODV,13,20,19,3,50.000000,0.250000,0.644673,10.840926,79.506818,30.640570,14792,9536,640324,12.434828,726.900248,0.076227,20
AODV,14,20,19,3,50.000000,0.250000,0.709167,11.925474,90.189154,35.356336,14792,10490,1024526,18.086467,724.297631,0.069046,20
AODV,15,20,19,3,50.000000,0.250000,0.780557,13.125979,196.994704,51.125609,14792,11546,1170238,18.769335,730.234836,0.063246,20
AODV,16,20,19,3,50.000000,0.250000,0.375406,6.312884,58.935167,19.235038,14792,5553,461848,15.402018,723.981223,0.130377,20
AODV,17,20,19,3,50.000000,0.250000,0.739116,12.429095,129.630607,43.833321,14792,10933,883922,14.972035,726.073304,0.066411,20
AODV,18,20,19,3,50.000000,0.250000,0.694835,11.684463,189.206262,48.367084,14792,10278,895864,16.141345,724.605815,0.070501,20
AODV,19,20,19,3,50.000000,0.250000,0.500608,8.418316,74.089134,31.317819,14792,7405,378906,9.475730,722.913913,0.097625,20
AODV,20,20,19,3,50.000000,0.250000,0.678745,11.413895,141.841133,51.788852,14792,10040,1139162,21.011546,727.033800,0.072414,20
AODV,21,20,19,3,50.000000,0.250000,0.518591,8.720716,208.945567,52.005905,14792,7671,492160,11.881207,722.745693,0.094218,20
AODV,22,20,19,3,50.000000,0.250000,0.559897,9.415326,80.068897,26.759638,14792,8282,650562,14.546540,731.492705,0.088323,20
AODV,23,20,19,3,50.000000,0.250000,0.661236,11.119453,166.385702,52.345192,14792,9781,1011518,19.151227,725.688966,0.074194,20
AODV,24,20,19,3,50.000000,0.250000,0.607423,10.214526,63.936668,28.725777,14792,8985,611564,12.604629,724.583539,0.080644,20
AODV,25,20,19,3,50.000000,0.250000,0.500473,8.416042,63.999474,21.958826,14792,7403,520476,13.019647,726.645739,0.098156,20
AODV,26,20,19,3,50.000000,0.250000,0.622701,10.471453,236.035468,56.550000,14792,9211,877742,17.646815,724.245960,0.078628,20
AODV,27,20,19,3,50.000000,0.250000,0.558545,9.392589,83.653312,33.116119,14792,8262,1028148,23.044999,724.785463,0.087725,20
AODV,28,20,19,3,50.000000,0.250000,0.602893,10.138358,131.566360,56.530414,14792,8918,1459258,30.301969,726.396738,0.081453,20
AODV,29,20,19,3,50.000000,0.250000,0.639602,10.755663,274.773987,72.312984,14792,9461,928330,18.170697,724.327303,0.076559,20
AODV,30,20,19,3,50.000000,0.250000,0.619930,10.424842,93.554315,36.542404,14792,9170,720762,14.555556,724.249579,0.078980,20
PMAODV,1,20,19,3,50.000000,0.250000,0.367631,6.182147,138.344968,44.290462,14792,5438,623050,21.217291,727.217262,0.133729,20
PMAODV,2,20,19,3,50.000000,0.250000,0.398864,6.707368,66.917640,27.540836,14792,5900,726110,22.790647,726.064014,0.123062,20
PMAODV,3,20,19,3,50.000000,0.250000,0.686993,11.552589,142.446312,53.423849,14792,10162,1280798,23.340368,729.633302,0.071800,20
PMAODV,4,20,19,3,50.000000,0.250000,0.657247,11.052379,108.375244,37.264483,14792,9722,667212,12.709090,725.880261,0.074664,20
PMAODV,5,20,19,3,50.000000,0.250000,0.604178,10.159958,146.838668,45.959841,14792,8937,597456,12.379993,724.616619,0.081081,20
PMAODV,6,20,19,3,50.000000,0.250000,0.552866,9.813600,78.914379,34.760816,14792,8178,765156,17.326431,724.222703,0.088557,20
PMAODV,7,20,19,3,50.000000,0.250000,0.726203,12.211958,157.942461,54.486039,14792,10742,1177790,20.304344,730.856184,0.068037,20
PMAODV,8,20,19,3,50.000000,0.250000,0.604922,10.172463,125.678004,37.257590,14792,8948,586032,12.128346,724.317615,0.080947,20
PMAODV,9,20,19,3,50.000000,0.250000,0.519740,8.740042,130.689959,38.108334,14792,7688,894612,21.549023,723.778126,0.094144,20
PMAODV,10,20,19,3,50.000000,0.250000,0.693280,11.658316,164.612482,57.978739,14792,10255,796312,14.379833,725.308643,0.070727,20
PMAODV,11,20,19,3,50.000000,0.250000,0.574500,9.660884,118.214034,52.498575,14792,8498,1343736,29.282184,725.512100,0.085374,20
PMAODV,12,20,19,3,50.000000,0.250000,0.478840,8.499600,98.237958,22.602512,14792,7083,422082,11.035343,723.955754,0.102210,20
PMAODV,13,20,19,3,50.000000,0.250000,0.582747,9.799579,81.035250,24.039557,14792,8620,532264,11.434734,726.097842,0.084234,20
PMAODV,14,20,19,3,50.000000,0.250000,0.657788,11.061474,128.036803,36.571391,14792,9730,737034,14.027521,724.008169,0.074410,20
PMAODV,15,20,19,3,50.000000,0.250000,0.704097,11.840211,161.963262,50.321800,14792,10415,933430,16.596967,725.018496,0.069613,20
PMAODV,16,20,19,3,50.000000,0.250000,0.260141,4.374568,48.707288,25.435904,14792,3848,304970,14.676696,723.015130,0.187894,20
PMAODV,17,20,19,3,50.000000,0.250000,0.589778,9.917811,71.265142,26.993001,14792,8724,578654,12.283144,724.767546,0.083077,20
PMAODV,18,20,19,3,50.000000,0.250000,0.687601,11.562821,122.992549,42.410974,14792,10171,885760,16.127188,725.457022,0.071326,20
PMAODV,19,20,19,3,50.000000,0.250000,0.608978,10.240674,92.447654,35.480056,14792,9008,460090,9.458465,723.630320,0.080332,20
PMAODV,20,20,19,3,50.000000,0.250000,0.705922,11.870905,240.890413,68.041387,14792,10442,1060996,18.816390,726.671523,0.069591,20
PMAODV,21,20,19,3,50.000000,0.250000,0.475054,7.988589,163.053049,48.450778,14792,7027,688810,18.152470,723.300339,0.102932,20
PMAODV,22,20,19,3,50.000000,0.250000,0.751622,12.639411,98.836730,40.667569,14792,11118,744278,12.396947,727.551880,0.065439,20
PMAODV,23,20,19,3,50.000000,0.250000,0.629056,10.578316,207.030496,58.986059,14792,9305,1031574,20.530061,725.203745,0.077937,20
PMAODV,24,20,19,3,50.000000,0.250000,0.696458,11.711747,88.523465,41.810506,14792,10302,982240,17.656406,726.664225,0.070536,20
PMAODV,25,20,19,3,50.000000,0.250000,0.492969,8.750400,35.553451,13.138269,14792,7292,414332,10.522236,723.175732,0.099174,20
PMAODV,26,20,19,3,50.000000,0.250000,0.482964,8.121600,63.451445,30.053419,14792,7144,622666,16.140610,723.714144,0.101304,20
PMAODV,27,20,19,3,50.000000,0.250000,0.531571,8.938989,102.704378,40.878048,14792,7863,566406,13.339692,724.747581,0.092172,20
PMAODV,28,20,19,3,50.000000,0.250000,0.568348,9.557432,105.022376,52.838482,14792,8407,1481380,32.631097,726.905211,0.086464,20
PMAODV,29,20,19,3,50.000000,0.250000,0.684356,11.508253,233.924150,66.519321,14792,10123,1121966,20.524694,725.495946,0.071668,20
PMAODV,30,20,19,3,50.000000,0.250000,0.500135,8.877600,104.290012,29.295960,14792,7398,498592,12.480650,724.036055,0.097869,20
QMAODV,1,20,19,3,50.000000,0.250000,0.471471,7.928337,216.947720,72.810172,14792,6974,891950,23.684532,729.403079,0.104589,20
QMAODV,2,20,19,3,50.000000,0.250000,0.511763,8.605895,239.303978,83.797929,14792,7570,1259564,30.812760,729.488633,0.096366,20
QMAODV,3,20,19,3,50.000000,0.250000,0.611479,10.282737,169.372668,74.991327,14792,9045,1404210,28.749463,731.348612,0.080857,20
QMAODV,4,20,19,3,50.000000,0.250000,0.507572,8.535411,121.306449,34.670104,14792,7508,543066,13.394749,725.065872,0.096572,20
QMAODV,5,20,19,3,50.000000,0.250000,0.514670,8.654779,183.138092,53.173468,14792,7613,594448,14.459866,724.928932,0.095223,20
QMAODV,6,20,19,3,50.000000,0.250000,0.411033,7.296000,68.080175,24.595886,14792,6080,475884,14.494518,723.370070,0.118975,20
QMAODV,7,20,19,3,50.000000,0.250000,0.574567,9.662021,171.344599,70.223129,14792,8499,1209198,26.347283,733.192550,0.086268,20
QMAODV,8,20,19,3,50.000000,0.250000,0.513386,8.633179,121.703092,43.010609,14792,7594,589074,14.364996,724.479639,0.095402,20
QMAODV,9,20,19,3,50.000000,0.250000,0.473499,7.962442,243.880719,72.709292,14792,7004,1151566,30.447311,724.372858,0.103423,20
QMAODV,10,20,19,3,50.000000,0.250000,0.573283,9.640421,126.430054,49.858010,14792,8480,604092,13.192086,726.148869,0.085631,20
QMAODV,11,20,19,3,50.000000,0.250000,0.405692,6.822189,271.138224,99.988088,14792,6001,1303960,40.238973,727.924930,0.121301,20
QMAODV,12,20,19,3,50.000000,0.250000,0.417455,7.410000,171.474242,35.596619,14792,6175,457156,13.709882,724.610553,0.117346,20
QMAODV,13,20,19,3,50.000000,0.250000,0.483369,8.128421,80.840217,25.037000,14792,7150,433896,11.237918,726.012138,0.101540,20
QMAODV,14,20,19,3,50.000000,0.250000,0.618240,10.396421,117.248406,39.662909,14792,9145,731870,14.820282,725.516542,0.079335,20
QMAODV,15,20,19,3,50.000000,0.250000,0.617158,10.378232,220.877315,60.238397,14792,9129,662716,13.443442,724.745536,0.079389,20
QMAODV,16,20,19,3,50.000000,0.250000,0.294213,4.947537,85.590120,32.882491,14792,4352,485486,20.658275,724.196565,0.166405,20
QMAODV,17,20,19,3,50.000000,0.250000,0.491211,8.719200,111.907409,30.547566,14792,7266,495020,12.616346,724.605584,0.099726,20
QMAODV,18,20,19,3,50.000000,0.250000,0.564562,9.493768,183.126100,58.125771,14792,8351,919988,20.400928,726.484421,0.086994,20
QMAODV,19,20,19,3,50.000000,0.250000,0.538940,9.062905,101.314431,39.218887,14792,7972,612066,14.217957,725.589956,0.091017,20
QMAODV,20,20,19,3,50.000000,0.250000,0.575987,9.685895,240.101809,72.544909,14792,8520,1109490,24.115154,727.048404,0.085334,20
QMAODV,21,20,19,3,50.000000,0.250000,0.412791,6.941558,226.599738,56.345822,14792,6106,531460,16.118329,723.951665,0.118564,20
QMAODV,22,20,19,3,50.000000,0.250000,0.603772,10.153137,147.077292,55.833949,14792,8931,841888,17.456633,730.834672,0.081831,20
QMAODV,23,20,19,3,50.000000,0.250000,0.575649,9.680211,254.672830,84.584956,14792,8515,1308172,28.450273,727.433788,0.085430,20
QMAODV,24,20,19,3,50.000000,0.250000,0.596065,10.023537,96.354163,48.135019,14792,8817,923394,19.394226,726.856952,0.082438,20
QMAODV,25,20,19,3,50.000000,0.250000,0.407382,7.231200,49.796482,15.143621,14792,6026,383934,11.798687,723.286172,0.120028,20
QMAODV,26,20,19,3,50.000000,0.250000,0.493916,8.305768,92.554970,48.619437,14792,7306,777334,19.703085,728.882441,0.099765,20
QMAODV,27,20,19,3,50.000000,0.250000,0.353637,5.946821,107.359417,23.220890,14792,5231,378266,13.391179,725.610208,0.138713,20
QMAODV,28,20,19,3,50.000000,0.250000,0.471674,7.931747,240.877703,88.849771,14792,6977,1585144,42.073267,730.029049,0.104634,20
QMAODV,29,20,19,3,50.000000,0.250000,0.513183,8.629768,253.028790,94.092076,14792,7591,1086858,26.514293,725.617449,0.095589,20
QMAODV,30,20,19,3,50.000000,0.250000,0.510952,8.592253,107.077565,40.029733,14792,7558,709152,17.375555,725.569570,0.096000,20
QS2MAODV,1,20,19,3,50.000000,0.250000,0.619862,10.423705,213.289970,68.979086,14792,9169,1291012,26.074413,728.065633,0.079405,20
QS2MAODV,2,20,19,3,50.000000,0.250000,0.597688,10.050821,223.902517,76.717365,14792,8841,1414206,29.622215,729.930250,0.082562,20
QS2MAODV,3,20,19,3,50.000000,0.250000,0.660695,11.110358,142.321670,45.578761,14792,9773,993816,18.831474,725.709210,0.074257,20
QS2MAODV,4,20,19,3,50.000000,0.250000,0.606206,10.194063,122.019842,38.373586,14792,8967,531578,10.978072,724.946588,0.080846,20
QS2MAODV,5,20,19,3,50.000000,0.250000,0.697539,11.729937,132.025833,40.900567,14792,10318,704636,12.646651,723.926308,0.070161,20
QS2MAODV,6,20,19,3,50.000000,0.250000,0.501758,8.906400,27.675484,18.362701,14792,7422,574958,14.345689,724.705736,0.097643,20
QS2MAODV,7,20,19,3,50.000000,0.250000,0.557328,9.372126,156.396048,37.047028,14792,8244,575540,12.928370,726.781400,0.088159,20
QS2MAODV,8,20,19,3,50.000000,0.250000,0.547526,9.207284,129.877314,37.604551,14792,8099,518230,11.849428,724.138685,0.089411,20
QS2MAODV,9,20,19,3,50.000000,0.250000,0.488643,8.673600,160.298727,42.238652,14792,7228,653890,16.753008,724.220927,0.100197,20
QS2MAODV,10,20,19,3,50.000000,0.250000,0.709235,11.926611,157.102424,52.339937,14792,10491,817656,14.433112,728.750611,0.069464,20
QS2MAODV,11,20,19,3,50.000000,0.250000,0.597620,10.049684,207.096592,84.106003,14792,8840,1556638,32.609310,728.092587,0.082363,20
QS2MAODV,12,20,19,3,50.000000,0.250000,0.477015,8.467200,136.886077,28.311763,14792,7056,513376,13.473587,724.599011,0.102693,20
QS2MAODV,13,20,19,3,50.000000,0.250000,0.652447,10.971663,53.742544,19.863538,14792,9651,665654,12.772693,727.505347,0.075381,20
QS2MAODV,14,20,19,3,50.000000,0.250000,0.713223,11.993684,139.759918,46.216588,14792,10550,1192266,20.927962,728.662846,0.069068,20
QS2MAODV,15,20,19,3,50.000000,0.250000,0.661439,11.122863,144.078114,35.305645,14792,9784,524200,9.921716,724.533514,0.074053,20
QS2MAODV,16,20,19,3,50.000000,0.250000,0.340522,5.726274,63.710912,28.903911,14792,5037,368076,13.532305,723.838221,0.143704,20
QS2MAODV,17,20,19,3,50.000000,0.250000,0.578624,9.730232,95.212670,27.368871,14792,8559,573054,12.398775,724.117593,0.084603,20
QS2MAODV,18,20,19,3,50.000000,0.250000,0.670633,11.277474,179.898494,58.106412,14792,9920,983122,18.352785,726.310673,0.073217,20
QS2MAODV,19,20,19,3,50.000000,0.250000,0.546241,9.185684,69.136426,27.251056,14792,8080,464808,10.652915,723.685598,0.089565,20
QS2MAODV,20,20,19,3,50.000000,0.250000,0.655963,11.030779,169.296510,61.796506,14792,9703,1267304,24.186945,730.388842,0.075275,20
QS2MAODV,21,20,19,3,50.000000,0.250000,0.453421,8.048400,157.295729,44.932531,14792,6707,488414,13.485468,723.077792,0.107809,20
QS2MAODV,22,20,19,3,50.000000,0.250000,0.694227,11.674232,147.168321,50.665879,14792,10269,1120192,20.200892,725.934712,0.070692,20
QS2MAODV,23,20,19,3,50.000000,0.250000,0.613575,10.317979,159.947087,77.172371,14792,9076,1442322,29.428897,727.430846,0.080149,20
QS2MAODV,24,20,19,3,50.000000,0.250000,0.784208,13.187368,128.855332,49.650374,14792,11600,1094276,17.469285,726.725573,0.062649,20
QS2MAODV,25,20,19,3,50.000000,0.250000,0.469037,7.887411,56.776343,13.830690,14792,6938,465236,12.417817,723.496599,0.104280,20
QS2MAODV,26,20,19,3,50.000000,0.250000,0.618240,10.396421,100.351294,37.725307,14792,9145,807744,16.356722,726.190479,0.079408,20
QS2MAODV,27,20,19,3,50.000000,0.250000,0.469781,7.899916,77.683342,24.081320,14792,6949,499318,13.306418,724.739467,0.104294,20
QS2MAODV,28,20,19,3,50.000000,0.250000,0.551447,9.273221,260.019873,106.450910,14792,8157,1921974,43.633825,730.708015,0.089580,20
QS2MAODV,29,20,19,3,50.000000,0.250000,0.584438,9.828000,208.307886,57.051561,14792,8645,835324,17.893537,725.172599,0.083883,20
QS2MAODV,30,20,19,3,50.000000,0.250000,0.575717,9.681347,90.622741,33.426342,14792,8516,794038,17.266801,725.130070,0.085149,20
